{"Version":1,"LoopbackRequests":0,"TagsViaHeader":1,"URLPathVersion":2,"Distribution":"regular","DisabledURLs":{"Status":0,"URLs":[]},"EnabledURLs":{"Status":0,"URLs":[]},"AjaxURLs":{"Status":0,"URLs":[],"StandaloneURLs":[]},"PageCache":{"ExpireTime":"2592000","StaleExpireTime":"300","SupportedCookies":[],"Geot":{"Status":false,"Variations":[]}},"ExcludedCookies":{"Status":0,"Cookies":[]},"IgnoredParams":["utm_*","fbclid","gclid","gbraid","wbraid","epik","msclkid","zenid","_gl","lons1","appns","tstt1","tsts6","tsts12","lpcid","3x-7","mm_src","muid","vgo_ee","mn","irclickid","irgwc","_xuid","_kx","ref","fb_action_ids","fb_action_types","fb_source","dclid","_ga","cn-reloaded","age-verified","ao_noptimize","usqp","mkt_tok","ck_subscriber_id","age-verified","usqp","cn-reloaded","sscid","ef_id","s_kwcid","_bta_tid","_bta_c","dm_i","campaignid","adgroupid","adid","gclsrc","gdfms","gdftrk","gdffi","_ke","trk_contact","trk_msg","trk_module","trk_sid","mc_cid","mc_eid","mkwid","pcrid","mtm_source","mtm_medium","mtm_campaign","mtm_keyword","mtm_cid","mtm_content","pp","ssp_iabi","pk_source","pk_medium","pk_campaign","pk_keyword","pk_cid","pk_content","redirect_log_mongo_id","redirect_mongo_id","sb_referer_host","pk_kwd","piwik_campaign","piwik_kwd","piwik_keyword","mtm_group","mtm_placement","matomo_campaign","matomo_keyword","matomo_source","matomo_medium","matomo_content","matomo_cid","matomo_group","matomo_placement","hsa_cam","hsa_grp","hsa_mt","hsa_src","hsa_ad","hsa_acc","hsa_net","hsa_kw","hsa_tgt","hsa_ver","_branch_match_id","mkevt","mkcid","mkrid","campid","toolid","customid","igshid","si","srsltid","iid","_iid","pretty","mod","li_fat_id","ttclid","trueroas","_vsrefdom","gad_*","bento_uuid","noedgecache","ignorenitro"],"StatefulCache":{"Status":false,"Selectors":[],"CartCache":0,"HandlerScript":"","isCartCacheAvailable":false},"AdditionalDomains":{"Status":false,"Domains":[]},"LanguageVary":{"Status":0,"AvailableLanguages":[],"DefaultLanguage":""},"TestImpact":{"Status":0,"ThresholdPercentage":1},"RevisionHash":"55936c0","ImgRevisionHash":"01ff7ff","GenericNitroScript":{"Script":"(()=>{window.NitroPack=window.NitroPack||{coreVersion:\"na\",isCounted:!1};let e=document.createElement(\"script\");if(e.src=\"https:\/\/nitroscripts.com\/aEyxWZOPOUtTBYlPwDeaJuHHbgngKXaT\",e.async=!0,e.id=\"nitro-script\",document.head.appendChild(e),!window.NitroPack.isCounted){window.NitroPack.isCounted=!0;let t=()=>{navigator.sendBeacon(\"https:\/\/to.getnitropack.com\/p\",JSON.stringify({siteId:\"aEyxWZOPOUtTBYlPwDeaJuHHbgngKXaT\",url:window.location.href,isOptimized:!!window.IS_NITROPACK,coreVersion:\"na\",missReason:window.NPTelemetryMetadata?.missReason||\"\",pageType:window.NPTelemetryMetadata?.pageType||\"\",isEligibleForOptimization:!!window.NPTelemetryMetadata?.isEligibleForOptimization}))};(()=>{let e=()=>new Promise(e=>{\"complete\"===document.readyState?e():window.addEventListener(\"load\",e)}),i=()=>new Promise(e=>{document.prerendering?document.addEventListener(\"prerenderingchange\",e,{once:!0}):e()}),a=async()=>{await i(),await e(),t()};a()})(),window.addEventListener(\"pageshow\",e=>{if(e.persisted){let i=document.prerendering||self.performance?.getEntriesByType?.(\"navigation\")[0]?.activationStart>0;\"visible\"!==document.visibilityState||i||t()}})}})();"},"Telemetry":"(()=>{window.NitroPack=window.NitroPack||{coreVersion:\"na\",isCounted:!1};let e=document.createElement(\"script\");if(e.src=\"https:\/\/nitroscripts.com\/aEyxWZOPOUtTBYlPwDeaJuHHbgngKXaT\",e.async=!0,e.id=\"nitro-script\",document.head.appendChild(e),!window.NitroPack.isCounted){window.NitroPack.isCounted=!0;let t=()=>{navigator.sendBeacon(\"https:\/\/to.getnitropack.com\/p\",JSON.stringify({siteId:\"aEyxWZOPOUtTBYlPwDeaJuHHbgngKXaT\",url:window.location.href,isOptimized:!!window.IS_NITROPACK,coreVersion:\"na\",missReason:window.NPTelemetryMetadata?.missReason||\"\",pageType:window.NPTelemetryMetadata?.pageType||\"\",isEligibleForOptimization:!!window.NPTelemetryMetadata?.isEligibleForOptimization}))};(()=>{let e=()=>new Promise(e=>{\"complete\"===document.readyState?e():window.addEventListener(\"load\",e)}),i=()=>new Promise(e=>{document.prerendering?document.addEventListener(\"prerenderingchange\",e,{once:!0}):e()}),a=async()=>{await i(),await e(),t()};a()})(),window.addEventListener(\"pageshow\",e=>{if(e.persisted){let i=document.prerendering||self.performance?.getEntriesByType?.(\"navigation\")[0]?.activationStart>0;\"visible\"!==document.visibilityState||i||t()}})}})();","SafeMode":0,"SDKVersion":"0.56.1","LastFetch":1757933192}